platform,campaign,ad_group,audience,intent,asset,copy_id,headline,cta,landing,utm,budget_scenario,status,policy_status,notes
Google Search,CAREPA_SEARCH_ODONTOLOGIA_V1,Odontologo_Valoracion,18+; Carepa; presencia,odontologo_valoracion,RSA text,odontologo_valoracion_A_INTENT,Odontología en Carepa | Dentista en Carepa | Valoración Odontológica | Consultorio Odontológico | Dra. Nataly Jiménez,Consulta disponibilidad,/c/valoracion,utm_source=google&utm_medium=cpc&utm_campaign=search_odontologo_valoracion_carepa&utm_content=rsa_a_intent,BASE COP 1.000.000 total,DRAFT,PASS,Search only; frase/exacta; publicar solo con aprobación humana
Google Search,CAREPA_SEARCH_ODONTOLOGIA_V1,Odontologo_Valoracion,18+; Carepa; presencia,odontologo_valoracion,RSA text,odontologo_valoracion_B_CLARITY,Conoce Cómo Empezar | Atención Clara y Cercana | Primero Valorar y Orientar | Opciones Según Tu Caso | Decide con Información,Consulta disponibilidad,/c/valoracion,utm_source=google&utm_medium=cpc&utm_campaign=search_odontologo_valoracion_carepa&utm_content=rsa_b_clarity,BASE COP 1.000.000 total,DRAFT,PASS,Search only; frase/exacta; publicar solo con aprobación humana
Google Search,CAREPA_SEARCH_ODONTOLOGIA_V1,Odontologo_Valoracion,18+; Carepa; presencia,odontologo_valoracion,RSA text,odontologo_valoracion_C_ACTION,Consulta Disponibilidad | Atención con Cita Previa | Habla con Nuestro Equipo | Información por WhatsApp | Consultorio en Carepa,Consulta disponibilidad,/c/valoracion,utm_source=google&utm_medium=cpc&utm_campaign=search_odontologo_valoracion_carepa&utm_content=rsa_c_action,BASE COP 1.000.000 total,DRAFT,PASS,Search only; frase/exacta; publicar solo con aprobación humana
Google Search,CAREPA_SEARCH_ODONTOLOGIA_V1,Urgencias,18+; Carepa; presencia,urgencias,RSA text,urgencias_A_INTENT,Urgencias Dentales Carepa | Orientación Dental Carepa | Atención Odontológica | Primero Debemos Valorar | Revisión Profesional,Consulta disponibilidad,/c/urgencias,utm_source=google&utm_medium=cpc&utm_campaign=search_urgencias_carepa&utm_content=rsa_a_intent,BASE COP 1.000.000 total,DRAFT,PASS,Search only; frase/exacta; publicar solo con aprobación humana
Google Search,CAREPA_SEARCH_ODONTOLOGIA_V1,Urgencias,18+; Carepa; presencia,urgencias,RSA text,urgencias_B_CLARITY,Conoce Cómo Empezar | Atención Clara y Cercana | Primero Valorar y Orientar | Opciones Según Tu Caso | Decide con Información,Consulta disponibilidad,/c/urgencias,utm_source=google&utm_medium=cpc&utm_campaign=search_urgencias_carepa&utm_content=rsa_b_clarity,BASE COP 1.000.000 total,DRAFT,PASS,Search only; frase/exacta; publicar solo con aprobación humana
Google Search,CAREPA_SEARCH_ODONTOLOGIA_V1,Urgencias,18+; Carepa; presencia,urgencias,RSA text,urgencias_C_ACTION,Consulta Disponibilidad | Atención con Cita Previa | Habla con Nuestro Equipo | Información por WhatsApp | Consultorio en Carepa,Consulta disponibilidad,/c/urgencias,utm_source=google&utm_medium=cpc&utm_campaign=search_urgencias_carepa&utm_content=rsa_c_action,BASE COP 1.000.000 total,DRAFT,PASS,Search only; frase/exacta; publicar solo con aprobación humana
Google Search,CAREPA_SEARCH_ODONTOLOGIA_V1,Limpieza,18+; Carepa; presencia,limpieza,RSA text,limpieza_A_INTENT,Limpieza Dental en Carepa | Higiene Oral en Carepa | Cuidado Preventivo Dental | Consulta por Limpieza | Profilaxis Dental Carepa,Consulta disponibilidad,/c/limpieza,utm_source=google&utm_medium=cpc&utm_campaign=search_limpieza_carepa&utm_content=rsa_a_intent,BASE COP 1.000.000 total,DRAFT,PASS,Search only; frase/exacta; publicar solo con aprobación humana
Google Search,CAREPA_SEARCH_ODONTOLOGIA_V1,Limpieza,18+; Carepa; presencia,limpieza,RSA text,limpieza_B_CLARITY,Conoce Cómo Empezar | Atención Clara y Cercana | Primero Valorar y Orientar | Opciones Según Tu Caso | Decide con Información,Consulta disponibilidad,/c/limpieza,utm_source=google&utm_medium=cpc&utm_campaign=search_limpieza_carepa&utm_content=rsa_b_clarity,BASE COP 1.000.000 total,DRAFT,PASS,Search only; frase/exacta; publicar solo con aprobación humana
Google Search,CAREPA_SEARCH_ODONTOLOGIA_V1,Limpieza,18+; Carepa; presencia,limpieza,RSA text,limpieza_C_ACTION,Consulta Disponibilidad | Atención con Cita Previa | Habla con Nuestro Equipo | Información por WhatsApp | Consultorio en Carepa,Consulta disponibilidad,/c/limpieza,utm_source=google&utm_medium=cpc&utm_campaign=search_limpieza_carepa&utm_content=rsa_c_action,BASE COP 1.000.000 total,DRAFT,PASS,Search only; frase/exacta; publicar solo con aprobación humana
Google Search,CAREPA_SEARCH_ODONTOLOGIA_V1,Ortodoncia,18+; Carepa; presencia,ortodoncia,RSA text,ortodoncia_A_INTENT,Ortodoncia en Carepa | Valoración de Ortodoncia | Opciones de Ortodoncia | Revisión de Tu Mordida | Alineación Dental Carepa,Consulta disponibilidad,/c/ortodoncia,utm_source=google&utm_medium=cpc&utm_campaign=search_ortodoncia_carepa&utm_content=rsa_a_intent,BASE COP 1.000.000 total,DRAFT,PASS,Search only; frase/exacta; publicar solo con aprobación humana
Google Search,CAREPA_SEARCH_ODONTOLOGIA_V1,Ortodoncia,18+; Carepa; presencia,ortodoncia,RSA text,ortodoncia_B_CLARITY,Conoce Cómo Empezar | Atención Clara y Cercana | Primero Valorar y Orientar | Opciones Según Tu Caso | Decide con Información,Consulta disponibilidad,/c/ortodoncia,utm_source=google&utm_medium=cpc&utm_campaign=search_ortodoncia_carepa&utm_content=rsa_b_clarity,BASE COP 1.000.000 total,DRAFT,PASS,Search only; frase/exacta; publicar solo con aprobación humana
Google Search,CAREPA_SEARCH_ODONTOLOGIA_V1,Ortodoncia,18+; Carepa; presencia,ortodoncia,RSA text,ortodoncia_C_ACTION,Consulta Disponibilidad | Atención con Cita Previa | Habla con Nuestro Equipo | Información por WhatsApp | Consultorio en Carepa,Consulta disponibilidad,/c/ortodoncia,utm_source=google&utm_medium=cpc&utm_campaign=search_ortodoncia_carepa&utm_content=rsa_c_action,BASE COP 1.000.000 total,DRAFT,PASS,Search only; frase/exacta; publicar solo con aprobación humana
Google Search,CAREPA_SEARCH_ODONTOLOGIA_V1,Diseno_Estetica,18+; Carepa; presencia,diseno_estetica,RSA text,diseno_estetica_A_INTENT,Diseño de Sonrisa Carepa | Opciones para Tu Sonrisa | Cuidado Estético Dental | Primero Una Valoración | Tu Sonrisa Es Única,Consulta disponibilidad,/c/sonrisa,utm_source=google&utm_medium=cpc&utm_campaign=search_diseno_estetica_carepa&utm_content=rsa_a_intent,BASE COP 1.000.000 total,DRAFT,PASS,Search only; frase/exacta; publicar solo con aprobación humana
Google Search,CAREPA_SEARCH_ODONTOLOGIA_V1,Diseno_Estetica,18+; Carepa; presencia,diseno_estetica,RSA text,diseno_estetica_B_CLARITY,Conoce Cómo Empezar | Atención Clara y Cercana | Primero Valorar y Orientar | Opciones Según Tu Caso | Decide con Información,Consulta disponibilidad,/c/sonrisa,utm_source=google&utm_medium=cpc&utm_campaign=search_diseno_estetica_carepa&utm_content=rsa_b_clarity,BASE COP 1.000.000 total,DRAFT,PASS,Search only; frase/exacta; publicar solo con aprobación humana
Google Search,CAREPA_SEARCH_ODONTOLOGIA_V1,Diseno_Estetica,18+; Carepa; presencia,diseno_estetica,RSA text,diseno_estetica_C_ACTION,Consulta Disponibilidad | Atención con Cita Previa | Habla con Nuestro Equipo | Información por WhatsApp | Consultorio en Carepa,Consulta disponibilidad,/c/sonrisa,utm_source=google&utm_medium=cpc&utm_campaign=search_diseno_estetica_carepa&utm_content=rsa_c_action,BASE COP 1.000.000 total,DRAFT,PASS,Search only; frase/exacta; publicar solo con aprobación humana
Meta,META_TRAFFIC_CAREPA_V1,valoracion,18+; Carepa; amplia sin salud sensible,valoracion,public/marketing/acquisition-v1/feed/valoracion-1080x1350.webp,M_VAL_01,Da el primer paso,LEARN_MORE,/c/valoracion,utm_source=meta&utm_medium=paid_social&utm_campaign=pa_v1_carepa_valoracion&utm_content=feed_valoracion_01,BASE COP 1.000.000 total,DRAFT,PASS,Feed; website destination; WhatsApp directo HOLD
Meta,META_TRAFFIC_CAREPA_V1,valoracion,18+; Carepa; amplia sin salud sensible,valoracion,public/marketing/acquisition-v1/stories/valoracion-1080x1920.webp,M_VAL_02,Valoración en Carepa,LEARN_MORE,/c/valoracion,utm_source=meta&utm_medium=paid_social&utm_campaign=pa_v1_carepa_valoracion&utm_content=story_valoracion_02,BASE COP 1.000.000 total,DRAFT,PASS,Stories; website destination; WhatsApp directo HOLD
Meta,META_TRAFFIC_CAREPA_V1,valoracion,18+; Carepa; amplia sin salud sensible,valoracion,public/marketing/acquisition-v1/reels/valoracion-nataly-720x1280.mp4,M_VAL_03,Conoce el consultorio,LEARN_MORE,/c/valoracion,utm_source=meta&utm_medium=paid_social&utm_campaign=pa_v1_carepa_valoracion&utm_content=reel_valoracion_03,BASE COP 1.000.000 total,DRAFT,PASS,Reels/Stories; website destination; WhatsApp directo HOLD
Meta,META_TRAFFIC_CAREPA_V1,sonrisa,18+; Carepa; amplia sin salud sensible,sonrisa,public/marketing/acquisition-v1/feed/sonrisa-1080x1350.webp,M_SON_01,Opciones para tu sonrisa,LEARN_MORE,/c/sonrisa,utm_source=meta&utm_medium=paid_social&utm_campaign=pa_v1_carepa_sonrisa&utm_content=feed_sonrisa_01,BASE COP 1.000.000 total,DRAFT,PASS,Feed; website destination; WhatsApp directo HOLD
Meta,META_TRAFFIC_CAREPA_V1,sonrisa,18+; Carepa; amplia sin salud sensible,sonrisa,public/marketing/acquisition-v1/stories/sonrisa-1080x1920.webp,M_SON_02,Conoce tus alternativas,LEARN_MORE,/c/sonrisa,utm_source=meta&utm_medium=paid_social&utm_campaign=pa_v1_carepa_sonrisa&utm_content=story_sonrisa_02,BASE COP 1.000.000 total,DRAFT,PASS,Stories; website destination; WhatsApp directo HOLD
Meta,META_TRAFFIC_CAREPA_V1,sonrisa,18+; Carepa; amplia sin salud sensible,sonrisa,public/marketing/acquisition-v1/reels/recorrido-local-montage-720x1280.mp4,M_SON_03,Tu sonrisa es única,LEARN_MORE,/c/sonrisa,utm_source=meta&utm_medium=paid_social&utm_campaign=pa_v1_carepa_sonrisa&utm_content=reel_sonrisa_03,BASE COP 1.000.000 total,DRAFT,PASS,Reels/Stories; website destination; WhatsApp directo HOLD
Meta,META_TRAFFIC_CAREPA_V1,confianza,18+; Carepa; amplia sin salud sensible,confianza,public/marketing/acquisition-v1/feed/confianza-1080x1350.webp,M_CON_01,Un equipo cercano,LEARN_MORE,/c/valoracion,utm_source=meta&utm_medium=paid_social&utm_campaign=pa_v1_carepa_confianza&utm_content=feed_confianza_01,BASE COP 1.000.000 total,DRAFT,PASS,Feed; website destination; WhatsApp directo HOLD
Meta,META_TRAFFIC_CAREPA_V1,confianza,18+; Carepa; amplia sin salud sensible,confianza,public/marketing/acquisition-v1/stories/confianza-1080x1920.webp,M_CON_02,Equipo real en Carepa,LEARN_MORE,/c/valoracion,utm_source=meta&utm_medium=paid_social&utm_campaign=pa_v1_carepa_confianza&utm_content=story_confianza_02,BASE COP 1.000.000 total,DRAFT,PASS,Stories; website destination; WhatsApp directo HOLD
Meta,META_TRAFFIC_CAREPA_V1,confianza,18+; Carepa; amplia sin salud sensible,confianza,public/marketing/acquisition-v1/reels/consultorio-recorrido-720x1280.mp4,M_CON_03,Conoce antes de agendar,LEARN_MORE,/c/valoracion,utm_source=meta&utm_medium=paid_social&utm_campaign=pa_v1_carepa_confianza&utm_content=reel_confianza_03,BASE COP 1.000.000 total,DRAFT,PASS,Reels/Stories; website destination; WhatsApp directo HOLD
Meta,META_TRAFFIC_CAREPA_V1,consultorio,18+; Carepa; amplia sin salud sensible,consultorio,public/marketing/acquisition-v1/feed/consultorio-1080x1350.webp,M_ESP_01,Conoce nuestro espacio,LEARN_MORE,/c/valoracion,utm_source=meta&utm_medium=paid_social&utm_campaign=pa_v1_carepa_consultorio&utm_content=feed_consultorio_01,BASE COP 1.000.000 total,DRAFT,PASS,Feed; website destination; WhatsApp directo HOLD
Meta,META_TRAFFIC_CAREPA_V1,consultorio,18+; Carepa; amplia sin salud sensible,consultorio,public/marketing/acquisition-v1/stories/consultorio-1080x1920.webp,M_ESP_02,Tu consultorio en Carepa,LEARN_MORE,/c/valoracion,utm_source=meta&utm_medium=paid_social&utm_campaign=pa_v1_carepa_consultorio&utm_content=story_consultorio_02,BASE COP 1.000.000 total,DRAFT,PASS,Stories; website destination; WhatsApp directo HOLD
Meta,META_TRAFFIC_CAREPA_V1,consultorio,18+; Carepa; amplia sin salud sensible,consultorio,public/marketing/acquisition-v1/reels/consultorio-cierre-720x1280.mp4,M_ESP_03,Un espacio cercano,LEARN_MORE,/c/valoracion,utm_source=meta&utm_medium=paid_social&utm_campaign=pa_v1_carepa_consultorio&utm_content=reel_consultorio_03,BASE COP 1.000.000 total,DRAFT,PASS,Reels/Stories; website destination; WhatsApp directo HOLD
Meta,META_TRAFFIC_CAREPA_V1,prevencion,18+; Carepa; amplia sin salud sensible,prevencion,public/marketing/acquisition-v1/feed/prevencion-1080x1350.webp,M_PRE_01,Cuida tu salud oral,LEARN_MORE,/c/limpieza,utm_source=meta&utm_medium=paid_social&utm_campaign=pa_v1_carepa_prevencion&utm_content=feed_prevencion_01,BASE COP 1.000.000 total,DRAFT,PASS,Feed; website destination; WhatsApp directo HOLD
Meta,META_TRAFFIC_CAREPA_V1,prevencion,18+; Carepa; amplia sin salud sensible,prevencion,public/marketing/acquisition-v1/stories/prevencion-1080x1920.webp,M_PRE_02,Prevención con orientación,LEARN_MORE,/c/limpieza,utm_source=meta&utm_medium=paid_social&utm_campaign=pa_v1_carepa_prevencion&utm_content=story_prevencion_02,BASE COP 1.000.000 total,DRAFT,PASS,Stories; website destination; WhatsApp directo HOLD
Meta,META_TRAFFIC_CAREPA_V1,prevencion,18+; Carepa; amplia sin salud sensible,prevencion,public/marketing/acquisition-v1/reels/consultorio-recorrido-720x1280.mp4,M_PRE_03,Cuidado oral en Carepa,LEARN_MORE,/c/limpieza,utm_source=meta&utm_medium=paid_social&utm_campaign=pa_v1_carepa_prevencion&utm_content=reel_prevencion_03,BASE COP 1.000.000 total,DRAFT,PASS,Reels/Stories; website destination; WhatsApp directo HOLD
Organic,ORGANIC_SUPPORT_V1,GBP+Instagram+Facebook+WA Status,Carepa y Urabá,trust+education,Launch Kit + PUBLIC-SAFE,ORGANIC_SUPPORT,Contenido real y orientación,Conoce cómo empezar,/c/valoracion,utm_medium=organic&utm_campaign=pa_v1_support,Sin pauta,DRAFT,REVIEW,Verificar dirección/horario antes de publicar
