grupo,sitio,url,pais_ciudad,posicionamiento,hero,fotografia,tipografia,color,cta_principal,navegacion,tratamientos,equipo,reviews,casos,motion,mobile,personalidad,impacto_visual,confianza,premium_feel,claridad,interaccion,mobile_score,conversion,originalidad,promedio,notas
REFERENCIA,Dra. Nataly Jimenez (produccion),https://www.dranatalyjimenez.com,"Carepa, Antioquia (CO)",Orientacion antes de agendar,Ilustracion vectorial de sillon dental,Ilustracion generica; 4 imagenes duplicadas,Sin webfont (fallback del sistema),Teal #0d6b73 + ivory + oro,Elegir mi necesidad (enlace de texto),6 items,12 servicios con 8 imagenes,4 miembros (2 ilustrados),No,No,ScrollReveal ligero,Sticky CTA que tapa contenido,Neutra / sin firma,3,3,3,7,6,5,5,4,4.5,Funnel por intencion es unico en todo el benchmark
A,VitalDent Apartado,https://www.holavitaldent.com/,"Apartado, Uraba (CO)",Odontologia especializada,Foto real de 2 odontologos en recorte circular,Real pero mal recortada,Arial,Lima #e4ed80 + celeste #bfe3f6,Agenda tu Cita,21 enlaces,Si,Si (2 personas),No,No,Carrusel,Aceptable,Cercana pero amateur,4,6,2,5,4,4,5,3,4.1,Competidor mas cercano geograficamente; blobs de constructor visual
A,Ortoclinicas de Uraba,https://ortoclinicasdeuraba.com/,Uraba (CO),Especialistas en ortodoncia,Foto clinica real con velo azul + H1 56px,Real; escena de consultorio,Inter + Montserrat,Azul #1f5f8b + verde #6bc048,Agendar cita (boton relleno),12 enlaces,Si,Si,Si,Si,Suave,Bueno,Profesional regional,7,8,5,8,6,7,8,4,6.6,Referencia regional a batir; cifras 20.000+/18 anos/98%
A,Ortoclin Medellin,https://ortoclin.co/,Medellin (CO),Ortodoncia y diseno de sonrisa,Negro con Bebas Neue,25 imagenes reales,Bebas Neue + system,Negro #272727,AGENDA TU CITA,36 enlaces,Si,Si,Si,No,Parallax,Denso,Editorial oscura,6,6,6,4,5,4,5,4,5.0,11.453px de alto; navegacion sobrecargada
A,Bocas y Risas,https://bocasyrisas.com/,Medellin (CO),27 anos de experiencia,Video + H1 50px,22 imagenes + video,Outfit,Navy #0a192f + cian #00e5ff,AGENDAR CITA DE VALORACION,22 enlaces,Si,Si,Si,Si,Video de fondo,Aceptable,Corporativa energica,6,7,4,6,6,6,7,3,5.6,Cian #00e5ff muy saturado; buen inventario de prueba social
A,Smile Natural Studio,https://smilenaturalstudio.com/,Medellin (CO),Experiencia dental premium sin dolor,"Negro con la palabra RELAX + recorte de la doctora",Real; recorte sobre negro,Jost,Negro #13120e + oro #c9a96e,QUIERO AGENDAR,27 enlaces,Si,Si,Si,No,Fade,Aceptable,Lujo latino negro+oro,7,6,7,5,5,5,6,4,5.6,11.082px; el negro+oro ya esta saturado en Medellin
A,Be Dharma,https://clinicabedharma.com/,Medellin (CO),Diseno de sonrisa,Negro/blanco sin H1,27 imagenes,Lato + Roboto,Negro / blanco / gris,Agendar Cita,0 nav semantica,Si,Si,No,Si,Minimo,Denso,Minimal fria,5,5,5,4,4,4,5,3,4.4,12.003px; sin H1
A,DentiOral,https://dentioral.com/,Medellin (CO),Tratamientos odontologicos,H1 en versalitas sin imagen fuerte,1 sola imagen grande,Open Sans,Celeste #88bad9 + oliva #b4bf5b,Solicitar informacion,31 enlaces,Si,No,No,No,Ninguno,Aceptable,Institucional,3,4,2,5,3,4,4,2,3.4,Paleta celeste+oliva; imagineria minima
A,Clinica Odontologica de Antioquia,http://www.clinicaodontologicadeantioquia.com.co/,Antioquia (CO),n/a,n/a,n/a,n/a,n/a,n/a,n/a,n/a,n/a,n/a,n/a,n/a,n/a,n/a,n/a,n/a,n/a,n/a,n/a,n/a,n/a,n/a,n/a,DOMINIO NO RESUELVE - sin calificacion
B,14-85 Dental Spa,https://1485dentalspa.com/,Bogota (CO),Expertos en implantes y rehabilitacion,H1 en versalitas de 106 caracteres,5 imagenes grandes,Open Sans,Teal #198882 + cian #00bab9,Contacto,162 enlaces de nav,Si,Si,No,Si,Minimo,Malo,Clinica institucional,3,5,3,2,3,3,4,2,3.1,13.056px de alto; 162 enlaces de navegacion
B,Elite Dental,https://clinicaelitedental.com.co/,Cali / Bogota (CO),30 anos; CAD-CAM,Video sin H1,15 imagenes + video,Roboto,Azul #062d97,Agenda tu Cita hoyy (errata),Sin nav semantica,Si,Si,No,No,Video,Aceptable,Corporativa,4,5,3,3,4,4,5,2,3.8,Sin H1; errata en el CTA principal
B,Dra. Sara Restrepo,https://www.drasararestrepos.com/,Cali (CO),Tratamientos dentales avanzados,n/a,n/a,n/a,n/a,n/a,n/a,n/a,n/a,n/a,n/a,n/a,n/a,n/a,n/a,n/a,n/a,n/a,n/a,n/a,n/a,n/a,TIMEOUT en escritorio; solo captura movil
B,La Clinica Dental,https://laclinicadental.org/,CDMX (MX),Red dental premium,H1 72px/700,48 imagenes,Inter,Cianes palidos #e1f5f9,Agenda tu cita ya,50 enlaces,Si,Si,Si,Si,Suave,Denso,Red corporativa,5,7,4,3,5,5,6,3,4.8,14.499px - el mas largo del benchmark
B,La Clinica Polanco,https://laclinicapolanco.dental/,CDMX Polanco (MX),Odontologia estetica y correctiva,H1 30px/400,33 imagenes,Montserrat,Cian #00bcd4 + morado #851e98,SOLICITAR UNA CITA,Sin nav semantica,Si,Si,Si,Si,Minimo,Aceptable,Comercial,4,6,3,4,4,4,6,2,4.1,Cian + morado poco cohesionado
B,Doctoralia Apartado,https://www.doctoralia.co/odontologo/apartado,Plataforma (CO),Directorio de odontologos,Listado con filtros,3 imagenes,system-ui,Verde #007c68,Consulta en linea,4 enlaces,Si,Si,Si (reales),No,Minimo,Muy bueno,Utilitaria,4,9,2,9,7,9,8,2,6.3,COMPETIDOR REAL por la busqueda local; reseñas y precios verificados
B,Top Doctors Bogota,https://www.topdoctors.com.co/bogota-ciudad/clinica-dental/odontologia-y-ortodoncia/estetica-dental/,Plataforma (CO),Directorio medico premium,Listado,15 imagenes,Roboto,Azul #093b5b,Pide una cita,7 enlaces,Si,Si,Si,No,Minimo,Bueno,Institucional,4,8,3,8,6,7,7,2,5.6,Reserva directa y reseñas
B,Odontoestetic,http://odontoestetic.com.co/,Colombia,n/a,n/a,n/a,n/a,n/a,n/a,n/a,n/a,n/a,n/a,n/a,n/a,n/a,n/a,n/a,n/a,n/a,n/a,n/a,n/a,n/a,BLOQUEADO (Bitdefender) - sin calificacion
C,Chelsea Dental Clinic,https://www.chelseadentalclinic.co.uk/,Londres (UK),Quiet luxury dentistry,Foto de la SALA DE ESPERA + H1 serif centrado,Editorial del espacio; 24 imagenes,CenturyOld (serif) + NeueMontreal,Crema #f1ece2 + oliva #595f37,Book An Appointment (fantasma),57 enlaces,Si,Si,Si (logos de prensa),Si (Smile Stories),Sutil,Bueno,Quiet luxury,9,9,10,8,7,8,8,9,8.5,REFERENCIA PREMIUM DEL ESTUDIO; cero teal; prueba social antes del catalogo
C,Chelsea Dental Studio,https://chelseadentalstudio.co.uk/,Londres (UK),Implantes y estetica,H1 32px sobre azul profundo,7 imagenes,Raleway,Azul #0c2f45,BOOK ONLINE,86 enlaces,Si,Si,No,No,Minimo,Aceptable,Clinica britanica clasica,5,7,6,5,4,5,6,3,5.1,Navegacion de 86 enlaces
C,The Dental Clinic Chelsea,https://www.dentalclinicchelsea.co.uk/,Londres (UK),Consultas privadas,H1 50px en versalitas,12 imagenes,Poppins,Teal #008080 + terracota #845f4d,Book a Consultation,80 enlaces,Si,Si,No,No,Suave,Aceptable,Boutique clinica,6,7,6,6,5,6,7,4,5.9,Terracota como acento es una salida interesante del teal
C,Marylebone Smile Clinic,https://marylebonesmileclinic.co.uk/,Londres (UK),Estetica dental,Capturado,Si,n/d,n/d,Book,n/d,Si,Si,n/d,n/d,n/d,n/d,Clinica boutique,6,7,6,6,5,6,6,4,5.8,Datos parciales; ver captura
C,Smile Stylist,https://www.smilestylist.ca/,Toronto (CA),Diseno de sonrisa de autor,Blanco puro; SPA,Si,GD Sherpa (fuente propia),Blanco,n/d,SPA sin nav semantica,Si,Si,n/d,Si,Si,n/d,Autoral,7,6,8,4,6,5,5,7,6.0,Tipografia propia = maxima diferenciacion de marca
C,The Dental Design Studio,https://www.thedentaldesignstudio.co.uk/,Reino Unido,Red NHS + privada,Video,3 imagenes,Arial,Azul #1c4a8c,n/d,45 enlaces,Si,Si,No,No,Video,Aceptable,Cadena sanitaria,3,6,2,5,3,4,4,2,3.6,Arial; identidad de cadena
C,Clinica Eduardo Anitua,https://clinicaeduardoanitua.com/,Vitoria (ES),Implantologia de autor,Capturado,Si,n/d,n/d,n/d,n/d,Si,Si,n/d,n/d,n/d,n/d,Cientifica de autor,6,8,6,6,5,6,6,5,6.0,Datos parciales; autoridad clinica muy marcada
C,Propdental,https://propdental.es/,Barcelona (ES),Clinica dental,Capturado,Si,n/d,n/d,n/d,n/d,Si,Si,Si,Si,n/d,n/d,Comercial,4,6,3,5,4,5,6,2,4.4,Datos parciales
C,Vitaldent Espana,https://vitaldent.com/,Espana,Cadena dental,Capturado,Si,n/d,n/d,n/d,n/d,Si,No,Si,No,n/d,n/d,Cadena masiva,5,6,3,6,5,6,7,2,5.0,Datos parciales; modelo de cadena
C,Bupa Dental,https://bupadental.com.au/,Australia,Cadena aseguradora,Capturado,Si,n/d,n/d,Book,n/d,Si,No,Si,No,n/d,n/d,Aseguradora,5,7,4,7,5,7,7,2,5.5,Datos parciales
C,Tend,https://www.hellotend.com/,Nueva York (US),Modern judgment-free dental care,n/a,n/a,n/a,n/a,n/a,n/a,n/a,n/a,n/a,n/a,n/a,n/a,n/a,n/a,n/a,n/a,n/a,n/a,n/a,n/a,n/a,BLOQUEADO (Cloudflare) - referencia conocida por fuente secundaria; sin calificacion propia
C,Dental Boutique,https://dentalboutique.com.au/,Melbourne (AU),Boutique dental,n/a,n/a,n/a,n/a,n/a,n/a,n/a,n/a,n/a,n/a,n/a,n/a,n/a,n/a,n/a,n/a,n/a,n/a,n/a,n/a,n/a,BLOQUEADO (403) - sin calificacion
C,London Smile Clinic,https://www.londonsmileclinic.co.uk/,Londres (UK),n/a,n/a,n/a,n/a,n/a,n/a,n/a,n/a,n/a,n/a,n/a,n/a,n/a,n/a,n/a,n/a,n/a,n/a,n/a,n/a,n/a,ERROR SSL - sin calificacion
D,The Well,https://www.the-well.com/,Wellness (US),A Global Community For Living Well,H1 serif enorme sobre foto arquitectonica calida,Espacial; travertino y luz,Chronicle Display + Styrene B,Arena #f2ede9,ABOUT THE WELL (unico boton fantasma),17 enlaces,Si,No,No,No,Muy sutil,Excelente,Editorial calida,10,8,10,7,7,9,6,9,8.3,MAXIMA REFERENCIA DE FOLD MINIMO: 4 elementos y nada mas
D,Minimale Skin,https://minimaleskin.com/,Dermo-estetica NYC (US),Ultra-minimal editorial,Rejilla editorial,10 imagenes,Poppins,Azul niebla #9db1c5 + hueso #edece7,BOOK NOW,22 enlaces,Si (rejilla igualitaria),No,No,No,Sutil,Bueno,Editorial de moda,8,6,9,7,6,7,7,8,7.3,Todos los tratamientos con el mismo peso visual
D,Skin Laundry,https://www.skinlaundry.com/,Estetica clinica (US),Facial de entrada con precio,Oferta con precio explicito,7 imagenes + 2 videos,articulat-cf + Apris,Arena #f6ede4 + cacao #3c201d + lima #cdf765,Book your first Facial for $50,Sin nav semantica,Si,No,No,Si,Suave,Bueno,Calida con acento electrico,8,7,8,8,7,8,9,8,7.9,Neutro calido + UN acento electrico; precio de entrada visible
D,Clinica Baviera,https://clinicabaviera.com/,Oftalmologia premium (ES),Cirugia refractiva,Capturado,Si,n/d,n/d,n/d,n/d,Si,Si,Si,Si,n/d,n/d,Medica de confianza,5,8,5,7,5,6,7,3,5.8,Datos parciales; modelo de confianza medica a escala
D,Aesop,https://www.aesop.com/,Luxury beauty (AU),n/a,n/a,n/a,n/a,n/a,n/a,n/a,n/a,n/a,n/a,n/a,n/a,n/a,n/a,n/a,n/a,n/a,n/a,n/a,n/a,n/a,BLOQUEADO - sin calificacion
D,Six Senses,https://www.sixsenses.com/,Hospitality (TH),n/a,n/a,n/a,n/a,n/a,n/a,n/a,n/a,n/a,n/a,n/a,n/a,n/a,n/a,n/a,n/a,n/a,n/a,n/a,n/a,n/a,BLOQUEADO (Access Denied) - sin calificacion
D,Dr. Barbara Sturm,https://www.drsturm.com/,Skincare medico (DE),n/a,n/a,n/a,n/a,n/a,n/a,n/a,n/a,n/a,n/a,n/a,n/a,n/a,n/a,n/a,n/a,n/a,n/a,n/a,n/a,n/a,BLOQUEADO - sin calificacion
