id,original_filename,type,extension,width,height,duration,fps,filesize,orientation,visual_summary,people_visible,patient_possible,private_information,text_baked_in,logo_baked_in,phone_baked_in,address_baked_in,quality,recommended_usage,consent_required,publish_status,notes
IMG-001,"WhatsApp Image 2026-08-14 at 3.38.02 PM.jpeg",screenshot,jpeg,720,1600,,,103608,portrait,"Captura de una conversación de WhatsApp con mensajes y adjunto.",yes,no,yes,yes,yes,yes,no,E,"Ninguno; conservar solo como evidencia privada.",no,PRIVATE-DO-NOT-PUBLISH,"Excluida sin reproducir el contenido privado. Contiene un número distinto que pertenece a la conversación, no a una pieza publicitaria."
IMG-002,"WhatsApp Image 2026-08-22 at 2.04.23 PM.jpeg",flyer,jpeg,719,1280,,,60558,portrait,"Flyer de limpieza dental con fotografía de procedimiento aparentemente de banco de imágenes.",yes,yes,no,yes,yes,yes,no,C,"Story orgánica de limpieza si se confirma procedencia/licencia y copy clínico.","Confirmar licencia/procedencia",PUBLIC-PENDING-CONFIRMATION,"Teléfono 3128311449 correcto. La afirmación de periodicidad requiere revisión clínica."
IMG-003,"WhatsApp Image 2026-08-22 at 2.04.27 PM.jpeg",screenshot,jpeg,720,1600,,,99428,portrait,"Captura de una story con recepción del consultorio y agenda visible de 2024.",no,no,"possible outdated schedule details",yes,no,no,no,D,"Referencia interna; no publicar con interfaz ni agenda antigua.",no,PUBLIC-PENDING-CONFIRMATION,"El encuadre del espacio es útil, pero la captura incluye interfaz y material fechado 2024."
IMG-004,"WhatsApp Image 2026-08-22 at 2.04.28 PM (1).jpeg",team,jpeg,864,1152,,,52009,portrait,"Selfie vertical de Nataly y Vanesa en uniforme dentro del consultorio.",yes,no,no,no,no,no,no,B,"Web /equipo, Google Business y confianza local.",no,PUBLIC-SAFE,"Identidades coherentes con el equipo confirmado en el proyecto."
IMG-005,"WhatsApp Image 2026-08-22 at 2.04.28 PM (2).jpeg",clinic/interior,jpeg,1204,1600,,,142313,portrait,"Unidad odontológica vacía frente a espejo iluminado y acceso interior.",no,no,no,no,no,no,no,A,"Web /consultorio, Google Business y campañas locales.",no,PUBLIC-SAFE,"Mejor fotografía del espacio; buena luz, nitidez y posibilidad de recorte."
IMG-006,"WhatsApp Image 2026-08-22 at 2.04.28 PM.jpeg",flyer,jpeg,1440,2560,,,273419,portrait,"Story promocional de primera consulta con valoración gratis.",no,no,no,yes,yes,yes,no,C,"Story solo después de confirmar promoción.",no,PUBLIC-PENDING-CONFIRMATION,"DO NOT PUBLISH UNTIL CONFIRMED: requiere confirmación explícita de vigencia y condiciones. Teléfono correcto."
IMG-007,"WhatsApp Image 2026-08-22 at 2.04.42 PM (1).jpeg",social_post,jpeg,843,1054,,,47587,portrait,"Pieza editorial con Nataly, guante azul y mensaje de confianza.",yes,no,no,yes,yes,yes,no,B,"Instagram/Facebook orgánico y WhatsApp Status.",no,PUBLIC-SAFE,"Teléfono 3128311449 correcto; original público conservado sin cambios."
IMG-008,"WhatsApp Image 2026-08-22 at 2.04.42 PM.jpeg",social_post,jpeg,719,1280,,,54984,portrait,"Pieza de Nataly con bata, gafas y CTA para agendar.",yes,no,no,yes,yes,yes,no,B,"Story, Facebook y WhatsApp Status.",no,PUBLIC-SAFE,"Teléfono 312 831 1449 correcto; no contiene promoción."
IMG-009,"WhatsApp Image 2026-08-22 at 2.04.43 PM (1).jpeg",flyer,jpeg,1440,2560,,,436413,portrait,"Flyer con listado amplio de servicios, teléfono y dirección Calle del Comercio.",no,no,no,yes,yes,yes,yes,C,"Referencia de servicios después de validar dirección y oferta.",no,PUBLIC-PENDING-CONFIRMATION,"DO NOT PUBLISH UNTIL CONFIRMED: la dirección pública exacta continúa sin confirmar en el proyecto. Teléfono correcto."
IMG-010,"WhatsApp Image 2026-08-22 at 2.04.43 PM (2).jpeg",flyer,jpeg,719,1280,,,50481,portrait,"Flyer de diseño de sonrisa con primera cita sin costo y close-up dental.",yes,yes,no,yes,yes,yes,no,D,"Solo social después de confirmar promoción y procedencia de la fotografía.","Confirmar licencia/procedencia",PUBLIC-PENDING-CONFIRMATION,"DO NOT PUBLISH UNTIL CONFIRMED: primera cita sin costo. Teléfono correcto."
IMG-011,"WhatsApp Image 2026-08-22 at 2.04.43 PM.jpeg",flyer,jpeg,719,1280,,,57366,portrait,"Flyer de Nataly y Vanesa con consulta gratuita y referencia de ubicación.",yes,no,no,yes,yes,yes,yes,C,"Social después de confirmar promoción y dirección.",no,PUBLIC-PENDING-CONFIRMATION,"DO NOT PUBLISH UNTIL CONFIRMED: consulta gratuita y ubicación no confirmadas. Teléfono correcto."
IMG-012,"WhatsApp Image 2026-08-22 at 2.04.44 PM (1).jpeg",flyer,jpeg,719,1280,,,45178,portrait,"Flyer tipográfico: agenda gratis tu valoración.",no,no,no,yes,yes,yes,no,C,"Story después de confirmar promoción.",no,PUBLIC-PENDING-CONFIRMATION,"DO NOT PUBLISH UNTIL CONFIRMED: requiere vigencia y condiciones explícitas. Teléfono correcto."
IMG-013,"WhatsApp Image 2026-08-22 at 2.04.44 PM (2).jpeg",flyer,jpeg,719,1280,,,57191,portrait,"Flyer de Nataly con servicios y valoración gratuita.",yes,no,no,yes,yes,yes,yes,C,"Social después de confirmar promoción y dirección.",no,PUBLIC-PENDING-CONFIRMATION,"DO NOT PUBLISH UNTIL CONFIRMED: valoración gratuita; verificar además los datos pequeños de ubicación."
IMG-014,"WhatsApp Image 2026-08-22 at 2.04.44 PM.jpeg",flyer,jpeg,719,1280,,,56417,portrait,"Flyer de equipo con valoración gratis y referencia de Carepa.",yes,no,no,yes,yes,yes,yes,C,"Social después de confirmar promoción y ubicación.",no,PUBLIC-PENDING-CONFIRMATION,"DO NOT PUBLISH UNTIL CONFIRMED: valoración gratis y ubicación. Teléfono correcto."
IMG-015,"WhatsApp Image 2026-08-22 at 2.04.45 PM (1).jpeg",procedure,jpeg,899,1599,,,131976,portrait,"Nataly realizando atención odontológica a una paciente identificable.",yes,yes,no,no,no,no,no,B,"Campañas de confianza y proceso clínico; formatos editoriales preparados.",no,PUBLIC-SAFE,"Permiso de uso de procedimientos y pacientes confirmado explícitamente por la cliente en esta tarea el 2026-08-22."
IMG-016,"WhatsApp Image 2026-08-22 at 2.04.45 PM.jpeg",equipment,jpeg,899,1599,,,100772,portrait,"Unidad e instrumental preparados; marca Meta AI visible.",no,no,no,yes,no,no,no,E,"No usar como fotografía real; conservar para aclarar procedencia.",no,PUBLIC-PENDING-CONFIRMATION,"DO NOT PUBLISH UNTIL CONFIRMED: la marca Meta AI contradice el uso como fotografía real."
IMG-017,"WhatsApp Image 2026-08-22 at 2.13.08 PM.jpeg",portrait,jpeg,1200,1599,,,167240,portrait,"Retrato selfie de Nataly con uniforme rosa dentro del consultorio.",yes,no,no,no,no,no,no,B,"Campañas de confianza, Google Business y redes.",no,PUBLIC-SAFE,"Buena resolución y autenticidad; composición de selfie, no retrato corporativo."
IMG-018,"WhatsApp Image 2026-08-22 at 2.16.22 PM.jpeg",story,jpeg,899,1599,,,103944,portrait,"Story de unidad vacía con CTA y marca Meta AI visible.",no,no,no,yes,no,yes,no,E,"No usar como fotografía real; conservar para aclarar procedencia.",no,PUBLIC-PENDING-CONFIRMATION,"DO NOT PUBLISH UNTIL CONFIRMED: marca Meta AI. Teléfono correcto."
IMG-019,"WhatsApp Image 2026-08-22 at 2.17.01 PM.jpeg",logo,jpeg,1563,1563,,,69258,square,"Logo de la Dra. Nataly Jiménez sobre fondo blanco texturizado.",no,no,no,yes,yes,no,no,B,"Referencia de marca y publicaciones orgánicas puntuales.",no,PUBLIC-SAFE,"No sustituye activos vectoriales; original público conservado."
IMG-020,"WhatsApp Image 2026-08-22 at 2.21.07 PM.jpeg",story,jpeg,2340,4160,,,337417,portrait,"Story de buenos días con Nataly sentada en el consultorio y CTA de citas disponibles.",yes,no,no,yes,yes,yes,no,C,"WhatsApp Status o Instagram Story solo al confirmar disponibilidad del día.",no,PUBLIC-PENDING-CONFIRMATION,"DO NOT PUBLISH UNTIL CONFIRMED: la frase citas disponibles es dinámica. Teléfono 3128311449 correcto."
VID-001,"WhatsApp Video 2026-08-22 at 2.04.36 PM.mp4",video_reel,mp4,720,1280,15.139,1.069,547287,portrait,"Video-story casi estático de unidad vacía al cierre de jornada.",no,no,no,yes,no,no,no,C,"B-roll, Story y confianza local.",no,PUBLIC-SAFE,"H.264 + AAC; preview público optimizado. No se detectaron silencios prolongados."
VID-002,"WhatsApp Video 2026-08-22 at 2.04.42 PM.mp4",video_reel,mp4,1080,1920,20.163,1,1606443,portrait,"Video-story casi estático del consultorio vacío al finalizar jornada.",no,no,no,yes,no,no,no,C,"B-roll de espacio y clinic tour breve.",no,PUBLIC-SAFE,"HEVC + AAC; transcodificado a H.264 solo para preview compatible."
VID-003,"WhatsApp Video 2026-08-22 at 2.04.43 PM.mp4",video_reel,mp4,478,850,7.410,30,1675580,portrait,"Nataly frente a cámara con animación de mensajes para pedir valoración.",yes,no,no,yes,no,no,no,A,"Reel-ready para valoración general.",no,PUBLIC-SAFE,"Mejor video de la entrega; audio alto pero sin clipping medido. Preview público optimizado."
VID-004,"WhatsApp Video 2026-08-22 at 2.15.16 PM.mp4",video_procedure,mp4,478,850,17.167,30,3617359,portrait,"Atención clínica con paciente y explicación gráfica sobre carillas.",yes,yes,no,yes,no,yes,yes,B,"Reel educativo de sonrisa una vez confirmada la promoción.",no,PUBLIC-PENDING-CONFIRMATION,"Permiso del procedimiento confirmado. DO NOT PUBLISH UNTIL CONFIRMED: incluye consulta de valoración gratis; audio llega a 0.0 dB."
VID-005,"WhatsApp Video 2026-08-22 at 2.15.48 PM.mp4",video_reel,mp4,478,850,9.036,30,1905596,portrait,"Nataly y Vanesa listas para atender, con CTA y consulta gratis.",yes,no,no,yes,no,yes,no,B,"Reel de equipo después de confirmar promoción.",no,PUBLIC-PENDING-CONFIRMATION,"DO NOT PUBLISH UNTIL CONFIRMED: consulta gratis. Teléfono correcto; audio llega a 0.0 dB."
